{"cameraMode":{"drawMode":0,"name":"Shaded","section":"Shading Mode"},"sceneLighting":true,"audioPlay":false,"sceneViewState":{"showFog":true,"showMaterialUpdate":false,"showSkybox":true,"showFlares":true,"showImageEffects":true,"showParticleSystems":true},"in2DMode":false,"pivot":{"x":-10.461788177490235,"y":27.478267669677736,"z":1837.8492431640625},"rotation":{"x":-0.004807991441339254,"y":0.9855621457099915,"z":-0.028402214869856836,"w":-0.1668456494808197},"size":37.10776138305664,"orthographic":false}