{"cameraMode":{"drawMode":0,"name":"Shaded","section":"Shading Mode"},"sceneLighting":true,"audioPlay":false,"sceneViewState":{"showFog":true,"showMaterialUpdate":true,"showSkybox":true,"showFlares":true,"showImageEffects":true,"showParticleSystems":true},"in2DMode":false,"pivot":{"x":-39.2823486328125,"y":369.7746276855469,"z":-495.0970458984375},"rotation":{"x":-0.011810715310275555,"y":0.8736652731895447,"z":-0.021234406158328058,"w":-0.4859204590320587},"size":2264.120361328125,"orthographic":false}